Title,Upload date,Views,Duration (sec),Is Short,URL,Date collected
Why magnets stumped scientists for so long - Rachel Yang,2026-09-24,318509,347,False,https://www.youtube.com/watch?v=jG7ULeWUfDw,2026-09-28
4 ways to fix your attention span - Shannon Odell,2026-09-22,1609741,326,False,https://www.youtube.com/watch?v=N2uQWfV6Jr4,2026-09-28
Everything you need to know about bird flu - Benjamin Anderson,2026-09-17,418323,390,False,https://www.youtube.com/watch?v=bHB5iiDDJ-s,2026-09-28
How to explain something complicated,2026-09-15,542871,569,False,https://www.youtube.com/watch?v=EMbZ72cCAzI,2026-09-28
Why do some people have a better sense of direction than others? - Oliver Baumann,2026-09-10,1506892,354,False,https://www.youtube.com/watch?v=I8XaYkRW1tA,2026-09-28
Ever walk into a room and forget what you were doing? - Gabriel Radvansky,2026-09-08,734932,345,False,https://www.youtube.com/watch?v=_gP3aXvNmv8,2026-09-28
"What are tariffs, and how do they work?",2026-09-03,748587,340,False,https://www.youtube.com/watch?v=BSdEiOYvKpE,2026-09-28
4 ways to tell a great story,2026-09-01,522620,306,False,https://www.youtube.com/watch?v=JOs-q7rXqdk,2026-09-28
Plato’s infamous Ship of State thought experiment - Michael Vazquez,2026-08-25,498616,340,False,https://www.youtube.com/watch?v=QyRqlTV60zM,2026-09-28
"The tragedy of Cassandra, the princess who predicted the fall of Troy - Iseult Gillespie",2026-08-18,214746,280,False,https://www.youtube.com/watch?v=l29K-ZkARmE,2026-09-28
How do Maglev trains work? - Ning Zhao,2026-08-11,310012,388,False,https://www.youtube.com/watch?v=2A1IEBFt6Xg,2026-09-28
"The fastest way to board a plane, according to mathematics - Rachel Yang",2026-08-04,351837,358,False,https://www.youtube.com/watch?v=-61qDRPG3to,2026-09-28
Red gold: The world's most expensive spice - Carolyn Beans,2026-07-28,288789,401,False,https://www.youtube.com/watch?v=krNP8RlDsbw,2026-09-28
The magical forest realm hiding at the bottom of the ocean - Luka Seamus Wright and Salomé Buglass,2026-07-21,141333,351,False,https://www.youtube.com/watch?v=5jPCAlE0z7I,2026-09-28
When did we start using passports? - Kristin Surak,2026-07-14,533755,369,False,https://www.youtube.com/watch?v=JhxuP0AuRPA,2026-09-28
How does the space station never run out of oxygen? - Alvaro Romero-Calvo and Theo St Francis,2026-07-07,413731,371,False,https://www.youtube.com/watch?v=5ljV0Vxu00M,2026-09-28
"Psychedelics, mind control, radiation-eating: The secret superpowers of fungi - Max G. Levy",2026-06-30,362764,373,False,https://www.youtube.com/watch?v=QIqKGMM8ivM,2026-09-28
How a broken heart affects your body,2026-06-25,369379,318,False,https://www.youtube.com/watch?v=DbEZmLoGDbk,2026-09-28
Why avalanches are most deadly when they stop - Simon Trautman,2026-06-23,212241,334,False,https://www.youtube.com/watch?v=6hCo4S_1Fhw,2026-09-28
Should you rinse your dishes before placing them in the dishwasher? - Rachel Yang,2026-06-18,306322,305,False,https://www.youtube.com/watch?v=FBpBUwlDId0,2026-09-28
How to attack (and defend) a medieval castle - Connor C. Wilson,2026-06-16,303633,334,False,https://www.youtube.com/watch?v=eR5blcjll8o,2026-09-28
"Meet the slow loris, the only venomous primate in existence - Stephanie A. Poindexter",2026-06-11,252082,360,False,https://www.youtube.com/watch?v=JDqpcHGfJ2I,2026-09-28
"What is sumo, and why is it so popular? - Lee Thompson",2026-06-09,170295,338,False,https://www.youtube.com/watch?v=Q9Vt6NGBVBc,2026-09-28
Why does catnip make cats go crazy? - Jaap de Roode,2026-06-04,359199,300,False,https://www.youtube.com/watch?v=HDt_rTPPh70,2026-09-28
The dark origins of Disney fairy tales - Claudia Schwabe,2026-06-02,538050,331,False,https://www.youtube.com/watch?v=pyDZpDkU46Y,2026-09-28
Why your best ideas usually start as bad ones | Think Like A Musician,2026-05-28,81016,293,False,https://www.youtube.com/watch?v=BlK23YzqXOM,2026-09-28
What toys have kids played with throughout history?,2026-05-26,3212951,322,False,https://www.youtube.com/watch?v=aob7rM5PV5A,2026-09-28
The incredible engineering of Venice - Stephanie H. Smith,2026-05-21,180032,410,False,https://www.youtube.com/watch?v=uBwkMc1llmM,2026-09-28
Why is getting bitten by a rabid animal so dangerous? - Charles Rupprecht,2026-05-19,965552,364,False,https://www.youtube.com/watch?v=gePOX4nbMU4,2026-09-28
Edgar Allan Poe's story of the Red Death - Iseult Gillespie,2026-05-14,150744,426,False,https://www.youtube.com/watch?v=HdieAFhQtPo,2026-09-28
The missing ingredient in how we learn,2026-05-12,1020612,350,False,https://www.youtube.com/watch?v=mA1lnxfqHk8,2026-09-28
What to do if you live in the path of a volcano - Arianna Soldati,2026-05-07,151609,316,False,https://www.youtube.com/watch?v=8H--GLt3h8I,2026-09-28
How to find hidden clues at crime scenes - Theodore E. Yeshion,2026-05-05,198493,334,False,https://www.youtube.com/watch?v=P8OEz3PvWZQ,2026-09-28
The fascinating reason you loved peek-a-boo,2026-04-30,1331207,329,False,https://www.youtube.com/watch?v=qKM4JzToM-A,2026-09-28
"Why do we use ""they"" as a singular pronoun? - Arika Okrent",2026-04-28,158925,334,False,https://www.youtube.com/watch?v=65I_1sgTMLE,2026-09-28
"Write every day, even if it’s terrible | Think Like A Musician",2026-04-23,74391,361,False,https://www.youtube.com/watch?v=2x3rJMBVB28,2026-09-28
How can you overcome writer’s block?,2026-04-23,38310,44,True,https://www.youtube.com/watch?v=QRA1-6imP3s,2026-09-28
Why was this kung fu masterpiece banned? - Gladys Mac,2026-04-21,195973,307,False,https://www.youtube.com/watch?v=NEFmWclWiOw,2026-09-28
Why kids need to take more risks,2026-04-16,2054804,324,False,https://www.youtube.com/watch?v=kRAl4Xgs_NU,2026-09-28
"What is ""The Thinker"" actually thinking about? - Noah Charney",2026-04-14,189651,356,False,https://www.youtube.com/watch?v=dOqqBQ5Ha6Q,2026-09-28
Do imaginary friends make you smarter?,2026-04-09,1438133,315,False,https://www.youtube.com/watch?v=qLrnn24C3zU,2026-09-28
How do snakes swallow animals so much bigger than they are? - Niko Zlotnik,2026-04-07,456058,407,False,https://www.youtube.com/watch?v=m2BE9GZJJbs,2026-09-28
The haunting history of the Paris Catacombs - Stephanie H. Smith,2026-04-02,379430,369,False,https://www.youtube.com/watch?v=ngarNTPMclE,2026-09-28
What happens if you eat a silica gel packet? - Vivian Jiang,2026-03-31,1696295,337,False,https://www.youtube.com/watch?v=QWCHnR53oIw,2026-09-28
Do artists really write their own songs? | Think Like A Musician,2026-03-26,88964,464,False,https://www.youtube.com/watch?v=UDdkgOoeNcQ,2026-09-28
How did ancient civilizations brew beer? - Malcolm Purinton,2026-03-24,320643,384,False,https://www.youtube.com/watch?v=D98UJl6Ea6o,2026-09-28
What if your president was chosen via lottery? - Michael Vazquez,2026-03-19,184245,401,False,https://www.youtube.com/watch?v=DDo4rW0DMpk,2026-09-28
3 surprising ways microplastics can enter your body,2026-03-17,283672,370,False,https://www.youtube.com/watch?v=lQRsqMiBTsI,2026-09-28
How long can hair grow? - Maksim Plikus,2026-03-12,777964,304,False,https://www.youtube.com/watch?v=iCBzEZek5cY,2026-09-28
What happens when you break a bone? - Gurpreet Baht and Natalie Pang,2026-03-10,409393,252,False,https://www.youtube.com/watch?v=gVXoAbeB8QI,2026-09-28
How to use emergency contraception effectively - Alison Edelman,2026-03-05,183997,329,False,https://www.youtube.com/watch?v=P5pmMe3EarI,2026-09-28
How hat fashion has evolved throughout history - Alison L. Goodrum,2026-03-03,153286,298,False,https://www.youtube.com/watch?v=-Tw81EQYV_Y,2026-09-28
The biggest mistake lottery winners make,2026-02-26,627305,383,False,https://www.youtube.com/watch?v=wxf_pKCOCBo,2026-09-28
Does hypnosis ever actually work? - Devin Terhune,2026-02-24,357350,392,False,https://www.youtube.com/watch?v=JJdoAMiaLZo,2026-09-28
How expert songwriters find the right lyrics | Think Like A Musician,2026-02-19,86028,517,False,https://www.youtube.com/watch?v=MBir652KZPE,2026-09-28
The biggest myths about Neanderthals - Bruce Hardy,2026-02-17,516629,430,False,https://www.youtube.com/watch?v=EtiC0DVewa4,2026-09-28
3 things that can cause painful periods - Chen X. Chen,2026-02-12,698419,329,False,https://www.youtube.com/watch?v=NOaeKRft-gc,2026-09-28
The machine that changed our understanding of human history - Max G. Levy,2026-02-10,313098,379,False,https://www.youtube.com/watch?v=XNEHP6qFeCs,2026-09-28
What is vaginal discharge and why does it happen? - Elizabeth Micks,2026-02-05,236378,372,False,https://www.youtube.com/watch?v=FKUc8vg_Lus,2026-09-28
Introducing TED Summer School!,2026-02-04,30569,91,True,https://www.youtube.com/watch?v=mnLVpkkQVRU,2026-09-28
How much do you really know about Vikings? - Stephanie H. Smith,2026-02-03,228759,380,False,https://www.youtube.com/watch?v=2gPzWP3dcOQ,2026-09-28
"What causes herpes, and how can you treat it? - Christine Johnston",2026-01-29,1056081,357,False,https://www.youtube.com/watch?v=rdEC52iCQNk,2026-09-28
Father vs. Son: A journey into the underworld - Joseph Mbele,2026-01-27,194237,357,False,https://www.youtube.com/watch?v=QFbQkZT1EEk,2026-09-28
How top songwriters craft the perfect pop song | Think Like A Musician,2026-01-22,95860,523,False,https://www.youtube.com/watch?v=Lq_TYsGwTfM,2026-09-28
The infamous JoJo thought experiment - Michael Vazquez and Sarah Stroud,2026-01-20,1002355,357,False,https://www.youtube.com/watch?v=BT93bRX2t68,2026-09-28
Kiranmala: The tale of the princess who conquered Magic Mountain - Malay Bera,2026-01-15,236740,307,False,https://www.youtube.com/watch?v=-bFgGvl4pBQ,2026-09-28
Will laser blasters ever be possible? - Christopher Baird,2026-01-13,173338,358,False,https://www.youtube.com/watch?v=cmO2ryQ8LcY,2026-09-28
"Upstairs, downstairs: The life of a British maid - Stephanie Honchell Smith",2026-01-08,594944,317,False,https://www.youtube.com/watch?v=mzREA81VQ34,2026-09-28
How Japan saved its biggest city from collapse - Roman Krznaric,2026-01-06,409525,355,False,https://www.youtube.com/watch?v=t0h8Dmni8g8,2026-09-28
Which instrument should you play? | Think Like A Musician,2025-12-23,188604,456,False,https://www.youtube.com/watch?v=ybftH3XSd0Q,2026-09-28
Was Alexander the Great really that great? - Stephanie Honchell Smith,2025-12-18,433039,387,False,https://www.youtube.com/watch?v=bVjKL1zd-vQ,2026-09-28
Winter got you feeling down? Watch this - Kelly Rohan,2025-12-16,293711,303,False,https://www.youtube.com/watch?v=0RiDPisQAzM,2026-09-28
What’s the best position to sleep in? - Rachel Marie E. Salas,2025-12-11,2157923,311,False,https://www.youtube.com/watch?v=_GI9-J-sE5k,2026-09-28
Scientists still don't know the answer to this infamous question - Charles Wallace & Dan Kwartler,2025-12-09,606919,372,False,https://www.youtube.com/watch?v=3ezPMAoxSbw,2026-09-28
10 musicians weigh in on what makes for a great performance | Think Like A Musician,2025-12-04,88459,407,False,https://www.youtube.com/watch?v=zrjhaYc-9pg,2026-09-28
How comic books can help you learn - Gene Luen Yang,2025-12-02,139705,327,False,https://www.youtube.com/watch?v=ofk-aw5G-FQ,2026-09-28
How one of the world’s richest companies rose to power - Shantel George,2025-11-25,594735,307,False,https://www.youtube.com/watch?v=IpaVpMFBwAE,2026-09-28
This is what happens in your brain when you can’t recall a word - Cella Wright,2025-11-20,1357157,331,False,https://www.youtube.com/watch?v=wtovy-1-QUM,2026-09-28
What lack of sleep does to the teenage brain - Wendy Troxel,2025-11-18,1953004,405,False,https://www.youtube.com/watch?v=WJhCa12UTsg,2026-09-28
How the lead industry lied to the public for decades - Gerald Markowitz and David Rosner,2025-11-13,220890,305,False,https://www.youtube.com/watch?v=AMKzXZphgyo,2026-09-28
The 3 best predictors of how well you’ll age - Juulia Jylhävä,2025-11-11,637210,302,False,https://www.youtube.com/watch?v=UQdtUaeZWLo,2026-09-28
How does leg lengthening surgery work? - Jason Shih Hoellwarth,2025-11-06,333350,347,False,https://www.youtube.com/watch?v=ul-c6a4QkiU,2026-09-28
The best way to become good at something might surprise you - David Epstein,2025-11-04,1933970,346,False,https://www.youtube.com/watch?v=jLOuMXnM5wk,2026-09-28
How to become a great singer | Think Like A Musician,2025-10-30,145067,587,False,https://www.youtube.com/watch?v=YtCpZnBhWZ0,2026-09-28
Japan's most famous ghost story - Jeffrey Angles,2025-10-28,403258,340,False,https://www.youtube.com/watch?v=56F0Y33QZnQ,2026-09-28
What’s the best way to lift people out of poverty?,2025-10-23,1133651,337,False,https://www.youtube.com/watch?v=_gTgloPR0Aw,2026-09-28
History vs. Russia’s most infamous empress - Carolyn Harris,2025-10-21,324852,391,False,https://www.youtube.com/watch?v=uJ_d-UD0xPE,2026-09-28
Why don't we send our trash to space? - Jim Bentley and Imogen Ellen Napper,2025-10-16,201199,323,False,https://www.youtube.com/watch?v=PN4moDNE-Kg,2026-09-28
Are vampire bats dangerous? - Imran Razik,2025-10-14,199505,359,False,https://www.youtube.com/watch?v=H5DhD5Nwl_0,2026-09-28
Inside the mind of a drummer | Think Like A Musician,2025-10-09,220613,453,False,https://www.youtube.com/watch?v=yYPnos84NDY,2026-09-28
How exactly do inhalers work? - Anna Rothschild,2025-10-07,446423,280,False,https://www.youtube.com/watch?v=8hgEorF0vyY,2026-09-28
Your phone’s camera isn’t as good as you think - Rachel Yang,2025-10-02,332236,260,False,https://www.youtube.com/watch?v=7dm2AsJ3-E8,2026-09-28
The Greek myth of the Fates’ prophecy - Iseult Gillespie,2025-09-30,537515,295,False,https://www.youtube.com/watch?v=B-ukcWJzXwc,2026-09-28
