Title,Upload date,Views,Duration (sec),URL,Date collected,Is Short,Age in days,Views per day,Age-band median,Band median views,Performance ratio,Flag,Title structure,Topic category,Everyday relevance,Is series (Think Like a Musician)
Why magnets stumped scientists for so long - Rachel Yang,2026-09-24,318509,347,https://www.youtube.com/watch?v=jG7ULeWUfDw,2026-09-28,False,4,79627.25,0-30,638901.5,0.4985259856,Underperformer,Statement,Science,No,False
4 ways to fix your attention span - Shannon Odell,2026-09-22,1609741,326,https://www.youtube.com/watch?v=N2uQWfV6Jr4,2026-09-28,False,6,268290.1667,0-30,638901.5,2.519544875,Outlier,List,Health/Psychology,Yes,False
Everything you need to know about bird flu - Benjamin Anderson,2026-09-17,418323,390,https://www.youtube.com/watch?v=bHB5iiDDJ-s,2026-09-28,False,11,38029.36364,0-30,638901.5,0.6547535105,,Statement,Health/Psychology,No,False
How to explain something complicated,2026-09-15,542871,569,https://www.youtube.com/watch?v=EMbZ72cCAzI,2026-09-28,False,13,41759.30769,0-30,638901.5,0.8496943582,,Statement,Society,Yes,False
Why do some people have a better sense of direction than others? - Oliver Baumann,2026-09-10,1506892,354,https://www.youtube.com/watch?v=I8XaYkRW1tA,2026-09-28,False,18,83716.22222,0-30,638901.5,2.358567009,Outlier,Question,Health/Psychology,Yes,False
Ever walk into a room and forget what you were doing? - Gabriel Radvansky,2026-09-08,734932,345,https://www.youtube.com/watch?v=_gP3aXvNmv8,2026-09-28,False,20,36746.6,0-30,638901.5,1.150305642,,Question,Health/Psychology,Yes,False
"What are tariffs, and how do they work?",2026-09-03,748587,340,https://www.youtube.com/watch?v=BSdEiOYvKpE,2026-09-28,False,25,29943.48,0-30,638901.5,1.171678263,,Question,Society,No,False
4 ways to tell a great story,2026-09-01,522620,306,https://www.youtube.com/watch?v=JOs-q7rXqdk,2026-09-28,False,27,19356.2963,0-30,638901.5,0.8179977665,,List,Arts/Language,Yes,False
Plato’s infamous Ship of State thought experiment - Michael Vazquez,2026-08-25,498616,340,https://www.youtube.com/watch?v=QyRqlTV60zM,2026-09-28,False,34,14665.17647,31-90,351837.0,1.417178978,,Statement,History/Culture,No,False
"The tragedy of Cassandra, the princess who predicted the fall of Troy - Iseult Gillespie",2026-08-18,214746,280,https://www.youtube.com/watch?v=l29K-ZkARmE,2026-09-28,False,41,5237.707317,31-90,351837.0,0.6103565003,,Statement,History/Culture,No,False
How do Maglev trains work? - Ning Zhao,2026-08-11,310012,388,https://www.youtube.com/watch?v=2A1IEBFt6Xg,2026-09-28,False,48,6458.583333,31-90,351837.0,0.8811239295,,Question,Science,No,False
"The fastest way to board a plane, according to mathematics - Rachel Yang",2026-08-04,351837,358,https://www.youtube.com/watch?v=-61qDRPG3to,2026-09-28,False,55,6397.036364,31-90,351837.0,1.0,,Statement,Science,Yes,False
Red gold: The world's most expensive spice - Carolyn Beans,2026-07-28,288789,401,https://www.youtube.com/watch?v=krNP8RlDsbw,2026-09-28,False,62,4657.887097,31-90,351837.0,0.8208033834,,Statement,History/Culture,No,False
The magical forest realm hiding at the bottom of the ocean - Luka Seamus Wright and Salomé Buglass,2026-07-21,141333,351,https://www.youtube.com/watch?v=5jPCAlE0z7I,2026-09-28,False,69,2048.304348,31-90,351837.0,0.4017002191,Underperformer,Statement,Science,No,False
When did we start using passports? - Kristin Surak,2026-07-14,533755,369,https://www.youtube.com/watch?v=JhxuP0AuRPA,2026-09-28,False,76,7023.092105,31-90,351837.0,1.51705193,,Question,History/Culture,No,False
How does the space station never run out of oxygen? - Alvaro Romero-Calvo and Theo St Francis,2026-07-07,413731,371,https://www.youtube.com/watch?v=5ljV0Vxu00M,2026-09-28,False,83,4984.710843,31-90,351837.0,1.175916689,,Question,Science,No,False
"Psychedelics, mind control, radiation-eating: The secret superpowers of fungi - Max G. Levy",2026-06-30,362764,373,https://www.youtube.com/watch?v=QIqKGMM8ivM,2026-09-28,False,90,4030.711111,31-90,351837.0,1.031056995,,Statement,Science,No,False
How a broken heart affects your body,2026-06-25,369379,318,https://www.youtube.com/watch?v=DbEZmLoGDbk,2026-09-28,False,95,3888.2,91-180,303633.0,1.216531141,,Statement,Health/Psychology,Yes,False
Why avalanches are most deadly when they stop - Simon Trautman,2026-06-23,212241,334,https://www.youtube.com/watch?v=6hCo4S_1Fhw,2026-09-28,False,97,2188.051546,91-180,303633.0,0.6990050489,,Statement,Science,No,False
Should you rinse your dishes before placing them in the dishwasher? - Rachel Yang,2026-06-18,306322,305,https://www.youtube.com/watch?v=FBpBUwlDId0,2026-09-28,False,102,3003.156863,91-180,303633.0,1.008856086,,Question,Society,Yes,False
How to attack (and defend) a medieval castle - Connor C. Wilson,2026-06-16,303633,334,https://www.youtube.com/watch?v=eR5blcjll8o,2026-09-28,False,104,2919.548077,91-180,303633.0,1.0,,Statement,History/Culture,No,False
"Meet the slow loris, the only venomous primate in existence - Stephanie A. Poindexter",2026-06-11,252082,360,https://www.youtube.com/watch?v=JDqpcHGfJ2I,2026-09-28,False,109,2312.678899,91-180,303633.0,0.8302193767,,Statement,Science,No,False
"What is sumo, and why is it so popular? - Lee Thompson",2026-06-09,170295,338,https://www.youtube.com/watch?v=Q9Vt6NGBVBc,2026-09-28,False,111,1534.189189,91-180,303633.0,0.5608580095,,Question,History/Culture,No,False
Why does catnip make cats go crazy? - Jaap de Roode,2026-06-04,359199,300,https://www.youtube.com/watch?v=HDt_rTPPh70,2026-09-28,False,116,3096.543103,91-180,303633.0,1.183003824,,Question,Science,No,False
The dark origins of Disney fairy tales - Claudia Schwabe,2026-06-02,538050,331,https://www.youtube.com/watch?v=pyDZpDkU46Y,2026-09-28,False,118,4559.745763,91-180,303633.0,1.772040588,,Statement,Arts/Language,No,False
Why your best ideas usually start as bad ones | Think Like A Musician,2026-05-28,81016,293,https://www.youtube.com/watch?v=BlK23YzqXOM,2026-09-28,False,123,658.6666667,91-180,303633.0,0.2668221175,Underperformer,Statement,Arts/Language,Yes,True
What toys have kids played with throughout history?,2026-05-26,3212951,322,https://www.youtube.com/watch?v=aob7rM5PV5A,2026-09-28,False,125,25703.608,91-180,303633.0,10.58169237,Outlier,Question,History/Culture,No,False
The incredible engineering of Venice - Stephanie H. Smith,2026-05-21,180032,410,https://www.youtube.com/watch?v=uBwkMc1llmM,2026-09-28,False,130,1384.861538,91-180,303633.0,0.5929263288,,Statement,History/Culture,No,False
Why is getting bitten by a rabid animal so dangerous? - Charles Rupprecht,2026-05-19,965552,364,https://www.youtube.com/watch?v=gePOX4nbMU4,2026-09-28,False,132,7314.787879,91-180,303633.0,3.179996904,Outlier,Question,Health/Psychology,No,False
Edgar Allan Poe's story of the Red Death - Iseult Gillespie,2026-05-14,150744,426,https://www.youtube.com/watch?v=HdieAFhQtPo,2026-09-28,False,137,1100.321168,91-180,303633.0,0.4964677752,Underperformer,Statement,Arts/Language,No,False
The missing ingredient in how we learn,2026-05-12,1020612,350,https://www.youtube.com/watch?v=mA1lnxfqHk8,2026-09-28,False,139,7342.532374,91-180,303633.0,3.361334242,Outlier,Statement,Health/Psychology,Yes,False
What to do if you live in the path of a volcano - Arianna Soldati,2026-05-07,151609,316,https://www.youtube.com/watch?v=8H--GLt3h8I,2026-09-28,False,144,1052.840278,91-180,303633.0,0.4993166092,Underperformer,Statement,Science,No,False
How to find hidden clues at crime scenes - Theodore E. Yeshion,2026-05-05,198493,334,https://www.youtube.com/watch?v=P8OEz3PvWZQ,2026-09-28,False,146,1359.541096,91-180,303633.0,0.653726703,,Statement,Society,No,False
The fascinating reason you loved peek-a-boo,2026-04-30,1331207,329,https://www.youtube.com/watch?v=qKM4JzToM-A,2026-09-28,False,151,8815.940397,91-180,303633.0,4.384263239,Outlier,Statement,Health/Psychology,Yes,False
"Why do we use ""they"" as a singular pronoun? - Arika Okrent",2026-04-28,158925,334,https://www.youtube.com/watch?v=65I_1sgTMLE,2026-09-28,False,153,1038.72549,91-180,303633.0,0.5234114869,,Question,Arts/Language,No,False
"Write every day, even if it’s terrible | Think Like A Musician",2026-04-23,74391,361,https://www.youtube.com/watch?v=2x3rJMBVB28,2026-09-28,False,158,470.8291139,91-180,303633.0,0.2450030135,Underperformer,Statement,Arts/Language,Yes,True
How can you overcome writer’s block?,2026-04-23,38310,44,https://www.youtube.com/watch?v=QRA1-6imP3s,2026-09-28,True,158,242.4683544,91-180,,,,Question,Arts/Language,Yes,False
Why was this kung fu masterpiece banned? - Gladys Mac,2026-04-21,195973,307,https://www.youtube.com/watch?v=NEFmWclWiOw,2026-09-28,False,160,1224.83125,91-180,303633.0,0.6454272098,,Question,Arts/Language,No,False
Why kids need to take more risks,2026-04-16,2054804,324,https://www.youtube.com/watch?v=kRAl4Xgs_NU,2026-09-28,False,165,12453.35758,91-180,303633.0,6.767393531,Outlier,Statement,Health/Psychology,Yes,False
"What is ""The Thinker"" actually thinking about? - Noah Charney",2026-04-14,189651,356,https://www.youtube.com/watch?v=dOqqBQ5Ha6Q,2026-09-28,False,167,1135.634731,91-180,303633.0,0.6246060211,,Question,Arts/Language,No,False
Do imaginary friends make you smarter?,2026-04-09,1438133,315,https://www.youtube.com/watch?v=qLrnn24C3zU,2026-09-28,False,172,8361.238372,91-180,303633.0,4.736418637,Outlier,Question,Health/Psychology,Yes,False
How do snakes swallow animals so much bigger than they are? - Niko Zlotnik,2026-04-07,456058,407,https://www.youtube.com/watch?v=m2BE9GZJJbs,2026-09-28,False,174,2621.022989,91-180,303633.0,1.502004064,,Question,Science,No,False
The haunting history of the Paris Catacombs - Stephanie H. Smith,2026-04-02,379430,369,https://www.youtube.com/watch?v=ngarNTPMclE,2026-09-28,False,179,2119.72067,91-180,303633.0,1.249633604,,Statement,History/Culture,No,False
What happens if you eat a silica gel packet? - Vivian Jiang,2026-03-31,1696295,337,https://www.youtube.com/watch?v=QWCHnR53oIw,2026-09-28,False,181,9371.79558,181+,332236.0,5.105692941,Outlier,Question,Health/Psychology,Yes,False
Do artists really write their own songs? | Think Like A Musician,2026-03-26,88964,464,https://www.youtube.com/watch?v=UDdkgOoeNcQ,2026-09-28,False,186,478.3010753,181+,332236.0,0.2677735104,Underperformer,Question,Arts/Language,No,True
How did ancient civilizations brew beer? - Malcolm Purinton,2026-03-24,320643,384,https://www.youtube.com/watch?v=D98UJl6Ea6o,2026-09-28,False,188,1705.547872,181+,332236.0,0.9651061294,,Question,History/Culture,No,False
What if your president was chosen via lottery? - Michael Vazquez,2026-03-19,184245,401,https://www.youtube.com/watch?v=DDo4rW0DMpk,2026-09-28,False,193,954.6373057,181+,332236.0,0.5545606135,,Question,Society,No,False
3 surprising ways microplastics can enter your body,2026-03-17,283672,370,https://www.youtube.com/watch?v=lQRsqMiBTsI,2026-09-28,False,195,1454.728205,181+,332236.0,0.8538267978,,List,Health/Psychology,Yes,False
How long can hair grow? - Maksim Plikus,2026-03-12,777964,304,https://www.youtube.com/watch?v=iCBzEZek5cY,2026-09-28,False,200,3889.82,181+,332236.0,2.341600549,Outlier,Question,Health/Psychology,Yes,False
What happens when you break a bone? - Gurpreet Baht and Natalie Pang,2026-03-10,409393,252,https://www.youtube.com/watch?v=gVXoAbeB8QI,2026-09-28,False,202,2026.69802,181+,332236.0,1.232235519,,Question,Health/Psychology,Yes,False
How to use emergency contraception effectively - Alison Edelman,2026-03-05,183997,329,https://www.youtube.com/watch?v=P5pmMe3EarI,2026-09-28,False,207,888.8743961,181+,332236.0,0.5538141562,,Statement,Health/Psychology,Yes,False
How hat fashion has evolved throughout history - Alison L. Goodrum,2026-03-03,153286,298,https://www.youtube.com/watch?v=-Tw81EQYV_Y,2026-09-28,False,209,733.4258373,181+,332236.0,0.4613768526,Underperformer,Statement,History/Culture,No,False
The biggest mistake lottery winners make,2026-02-26,627305,383,https://www.youtube.com/watch?v=wxf_pKCOCBo,2026-09-28,False,214,2931.331776,181+,332236.0,1.888130726,,Statement,Society,Yes,False
Does hypnosis ever actually work? - Devin Terhune,2026-02-24,357350,392,https://www.youtube.com/watch?v=JJdoAMiaLZo,2026-09-28,False,216,1654.398148,181+,332236.0,1.075590845,,Question,Health/Psychology,No,False
How expert songwriters find the right lyrics | Think Like A Musician,2026-02-19,86028,517,https://www.youtube.com/watch?v=MBir652KZPE,2026-09-28,False,221,389.2669683,181+,332236.0,0.2589364187,Underperformer,Statement,Arts/Language,No,True
The biggest myths about Neanderthals - Bruce Hardy,2026-02-17,516629,430,https://www.youtube.com/watch?v=EtiC0DVewa4,2026-09-28,False,223,2316.721973,181+,332236.0,1.55500608,,Statement,History/Culture,No,False
3 things that can cause painful periods - Chen X. Chen,2026-02-12,698419,329,https://www.youtube.com/watch?v=NOaeKRft-gc,2026-09-28,False,228,3063.241228,181+,332236.0,2.102177368,Outlier,List,Health/Psychology,Yes,False
The machine that changed our understanding of human history - Max G. Levy,2026-02-10,313098,379,https://www.youtube.com/watch?v=XNEHP6qFeCs,2026-09-28,False,230,1361.295652,181+,332236.0,0.9423963688,,Statement,History/Culture,No,False
What is vaginal discharge and why does it happen? - Elizabeth Micks,2026-02-05,236378,372,https://www.youtube.com/watch?v=FKUc8vg_Lus,2026-09-28,False,235,1005.86383,181+,332236.0,0.7114761796,,Question,Health/Psychology,Yes,False
Introducing TED Summer School!,2026-02-04,30569,91,https://www.youtube.com/watch?v=mnLVpkkQVRU,2026-09-28,True,236,129.529661,181+,,,,Statement,Society,No,False
How much do you really know about Vikings? - Stephanie H. Smith,2026-02-03,228759,380,https://www.youtube.com/watch?v=2gPzWP3dcOQ,2026-09-28,False,237,965.2278481,181+,332236.0,0.6885436858,,Question,History/Culture,No,False
"What causes herpes, and how can you treat it? - Christine Johnston",2026-01-29,1056081,357,https://www.youtube.com/watch?v=rdEC52iCQNk,2026-09-28,False,242,4363.971074,181+,332236.0,3.178707304,Outlier,Question,Health/Psychology,Yes,False
Father vs. Son: A journey into the underworld - Joseph Mbele,2026-01-27,194237,357,https://www.youtube.com/watch?v=QFbQkZT1EEk,2026-09-28,False,244,796.0532787,181+,332236.0,0.5846356205,,Statement,Arts/Language,No,False
How top songwriters craft the perfect pop song | Think Like A Musician,2026-01-22,95860,523,https://www.youtube.com/watch?v=Lq_TYsGwTfM,2026-09-28,False,249,384.9799197,181+,332236.0,0.2885298402,Underperformer,Statement,Arts/Language,No,True
The infamous JoJo thought experiment - Michael Vazquez and Sarah Stroud,2026-01-20,1002355,357,https://www.youtube.com/watch?v=BT93bRX2t68,2026-09-28,False,251,3993.446215,181+,332236.0,3.016996954,Outlier,Statement,History/Culture,No,False
Kiranmala: The tale of the princess who conquered Magic Mountain - Malay Bera,2026-01-15,236740,307,https://www.youtube.com/watch?v=-bFgGvl4pBQ,2026-09-28,False,256,924.765625,181+,332236.0,0.7125657665,,Statement,Arts/Language,No,False
Will laser blasters ever be possible? - Christopher Baird,2026-01-13,173338,358,https://www.youtube.com/watch?v=cmO2ryQ8LcY,2026-09-28,False,258,671.8527132,181+,332236.0,0.5217315402,,Question,Science,No,False
"Upstairs, downstairs: The life of a British maid - Stephanie Honchell Smith",2026-01-08,594944,317,https://www.youtube.com/watch?v=mzREA81VQ34,2026-09-28,False,263,2262.144487,181+,332236.0,1.790727074,,Statement,History/Culture,No,False
How Japan saved its biggest city from collapse - Roman Krznaric,2026-01-06,409525,355,https://www.youtube.com/watch?v=t0h8Dmni8g8,2026-09-28,False,265,1545.377358,181+,332236.0,1.232632827,,Statement,History/Culture,No,False
Which instrument should you play? | Think Like A Musician,2025-12-23,188604,456,https://www.youtube.com/watch?v=ybftH3XSd0Q,2026-09-28,False,279,676.0,181+,332236.0,0.5676808052,,Question,Arts/Language,Yes,True
Was Alexander the Great really that great? - Stephanie Honchell Smith,2025-12-18,433039,387,https://www.youtube.com/watch?v=bVjKL1zd-vQ,2026-09-28,False,284,1524.785211,181+,332236.0,1.303407819,,Question,History/Culture,No,False
Winter got you feeling down? Watch this - Kelly Rohan,2025-12-16,293711,303,https://www.youtube.com/watch?v=0RiDPisQAzM,2026-09-28,False,286,1026.961538,181+,332236.0,0.8840432704,,Question,Health/Psychology,Yes,False
What’s the best position to sleep in? - Rachel Marie E. Salas,2025-12-11,2157923,311,https://www.youtube.com/watch?v=_GI9-J-sE5k,2026-09-28,False,291,7415.542955,181+,332236.0,6.495151037,Outlier,Question,Health/Psychology,Yes,False
Scientists still don't know the answer to this infamous question - Charles Wallace & Dan Kwartler,2025-12-09,606919,372,https://www.youtube.com/watch?v=3ezPMAoxSbw,2026-09-28,False,293,2071.395904,181+,332236.0,1.826770729,,Statement,Science,No,False
10 musicians weigh in on what makes for a great performance | Think Like A Musician,2025-12-04,88459,407,https://www.youtube.com/watch?v=zrjhaYc-9pg,2026-09-28,False,298,296.8422819,181+,332236.0,0.2662535065,Underperformer,List,Arts/Language,No,True
How comic books can help you learn - Gene Luen Yang,2025-12-02,139705,327,https://www.youtube.com/watch?v=ofk-aw5G-FQ,2026-09-28,False,300,465.6833333,181+,332236.0,0.4204992836,Underperformer,Statement,Arts/Language,Yes,False
How one of the world’s richest companies rose to power - Shantel George,2025-11-25,594735,307,https://www.youtube.com/watch?v=IpaVpMFBwAE,2026-09-28,False,307,1937.247557,181+,332236.0,1.790098003,,Statement,Society,No,False
This is what happens in your brain when you can’t recall a word - Cella Wright,2025-11-20,1357157,331,https://www.youtube.com/watch?v=wtovy-1-QUM,2026-09-28,False,312,4349.862179,181+,332236.0,4.084918552,Outlier,Statement,Health/Psychology,Yes,False
What lack of sleep does to the teenage brain - Wendy Troxel,2025-11-18,1953004,405,https://www.youtube.com/watch?v=WJhCa12UTsg,2026-09-28,False,314,6219.757962,181+,332236.0,5.878363573,Outlier,Statement,Health/Psychology,Yes,False
How the lead industry lied to the public for decades - Gerald Markowitz and David Rosner,2025-11-13,220890,305,https://www.youtube.com/watch?v=AMKzXZphgyo,2026-09-28,False,319,692.4451411,181+,332236.0,0.6648587149,,Statement,Society,No,False
The 3 best predictors of how well you’ll age - Juulia Jylhävä,2025-11-11,637210,302,https://www.youtube.com/watch?v=UQdtUaeZWLo,2026-09-28,False,321,1985.077882,181+,332236.0,1.917943871,,Statement,Health/Psychology,Yes,False
How does leg lengthening surgery work? - Jason Shih Hoellwarth,2025-11-06,333350,347,https://www.youtube.com/watch?v=ul-c6a4QkiU,2026-09-28,False,326,1022.546012,181+,332236.0,1.003353038,,Question,Health/Psychology,No,False
The best way to become good at something might surprise you - David Epstein,2025-11-04,1933970,346,https://www.youtube.com/watch?v=jLOuMXnM5wk,2026-09-28,False,328,5896.25,181+,332236.0,5.821072972,Outlier,Statement,Health/Psychology,Yes,False
How to become a great singer | Think Like A Musician,2025-10-30,145067,587,https://www.youtube.com/watch?v=YtCpZnBhWZ0,2026-09-28,False,333,435.6366366,181+,332236.0,0.4366384137,Underperformer,Statement,Arts/Language,Yes,True
Japan's most famous ghost story - Jeffrey Angles,2025-10-28,403258,340,https://www.youtube.com/watch?v=56F0Y33QZnQ,2026-09-28,False,335,1203.755224,181+,332236.0,1.21376973,,Statement,Arts/Language,No,False
What’s the best way to lift people out of poverty?,2025-10-23,1133651,337,https://www.youtube.com/watch?v=_gTgloPR0Aw,2026-09-28,False,340,3334.267647,181+,332236.0,3.412185916,Outlier,Question,Society,No,False
History vs. Russia’s most infamous empress - Carolyn Harris,2025-10-21,324852,391,https://www.youtube.com/watch?v=uJ_d-UD0xPE,2026-09-28,False,342,949.8596491,181+,332236.0,0.9777748348,,Statement,History/Culture,No,False
Why don't we send our trash to space? - Jim Bentley and Imogen Ellen Napper,2025-10-16,201199,323,https://www.youtube.com/watch?v=PN4moDNE-Kg,2026-09-28,False,347,579.8242075,181+,332236.0,0.6055906043,,Question,Science,No,False
Are vampire bats dangerous? - Imran Razik,2025-10-14,199505,359,https://www.youtube.com/watch?v=H5DhD5Nwl_0,2026-09-28,False,349,571.6475645,181+,332236.0,0.6004918191,,Question,Science,No,False
Inside the mind of a drummer | Think Like A Musician,2025-10-09,220613,453,https://www.youtube.com/watch?v=yYPnos84NDY,2026-09-28,False,354,623.200565,181+,332236.0,0.6640249702,,Statement,Arts/Language,No,True
How exactly do inhalers work? - Anna Rothschild,2025-10-07,446423,280,https://www.youtube.com/watch?v=8hgEorF0vyY,2026-09-28,False,356,1253.997191,181+,332236.0,1.343692435,,Question,Health/Psychology,No,False
Your phone’s camera isn’t as good as you think - Rachel Yang,2025-10-02,332236,260,https://www.youtube.com/watch?v=7dm2AsJ3-E8,2026-09-28,False,361,920.3213296,181+,332236.0,1.0,,Statement,Science,Yes,False
The Greek myth of the Fates’ prophecy - Iseult Gillespie,2025-09-30,537515,295,https://www.youtube.com/watch?v=B-ukcWJzXwc,2026-09-28,False,363,1480.757576,181+,332236.0,1.617871031,,Statement,Arts/Language,No,False
